[
  {
    "capital": "Kabul",
    "code": "af",
    "continent": "Asia",
    "flag_1x1": "flags/1x1/af.svg",
    "flag_4x3": "flags/4x3/af.svg",
    "iso": true,
    "name": "Afghanistan",
    "telephonePrefix": "93",
    "timezone": "Asia/Kabul",
    "currency": "Afghani",
    "iso3": "AFG"
  },
  {
    "capital": "Mariehamn",
    "code": "ax",
    "continent": "Europe",
    "flag_1x1": "flags/1x1/ax.svg",
    "flag_4x3": "flags/4x3/ax.svg",
    "iso": true,
    "name": "Aland Islands",
    "telephonePrefix": ""
  },
  {
    "capital": "Tirana",
    "code": "al",
    "continent": "Europe",
    "flag_1x1": "flags/1x1/al.svg",
    "flag_4x3": "flags/4x3/al.svg",
    "iso": true,
    "name": "Albania",
    "telephonePrefix": "355",
    "timezone": "Europe/Tirane",
    "currency": "Lek",
    "iso3": "ALB"
  },
  {
    "capital": "Algiers",
    "code": "dz",
    "continent": "Africa",
    "flag_1x1": "flags/1x1/dz.svg",
    "flag_4x3": "flags/4x3/dz.svg",
    "iso": true,
    "name": "Algeria",
    "telephonePrefix": "213",
    "timezone": "Africa/Algiers",
    "currency": "Dinar",
    "iso3": "DZA"
  },
  {
    "capital": "Pago Pago",
    "code": "as",
    "continent": "Oceania",
    "flag_1x1": "flags/1x1/as.svg",
    "flag_4x3": "flags/4x3/as.svg",
    "iso": true,
    "name": "American Samoa",
    "telephonePrefix": "1-684",
    "timezone": "Pacific/Pago_Pago",
    "currency": "Dollar",
    "iso3": "ASM"
  },
  {
    "capital": "Andorra la Vella",
    "code": "ad",
    "continent": "Europe",
    "flag_1x1": "flags/1x1/ad.svg",
    "flag_4x3": "flags/4x3/ad.svg",
    "iso": true,
    "name": "Andorra",
    "telephonePrefix": "376",
    "timezone": "Europe/Andorra",
    "currency": "Euro",
    "iso3": "AND"
  },
  {
    "capital": "Luanda",
    "code": "ao",
    "continent": "Africa",
    "flag_1x1": "flags/1x1/ao.svg",
    "flag_4x3": "flags/4x3/ao.svg",
    "iso": true,
    "name": "Angola",
    "telephonePrefix": "244",
    "timezone": "Africa/Lagos",
    "currency": "Kwanza",
    "iso3": "AGO"
  },
  {
    "capital": "The Valley",
    "code": "ai",
    "continent": "North America",
    "flag_1x1": "flags/1x1/ai.svg",
    "flag_4x3": "flags/4x3/ai.svg",
    "iso": true,
    "name": "Anguilla",
    "telephonePrefix": "1-264",
    "timezone": "America/Port_of_Spain",
    "currency": "Dollar",
    "iso3": "AIA"
  },
  {
    "code": "aq",
    "flag_1x1": "flags/1x1/aq.svg",
    "flag_4x3": "flags/4x3/aq.svg",
    "iso": true,
    "name": "Antarctica",
    "telephonePrefix": "672",
    "timezone": "Antarctica/Troll",
    "currency": "",
    "iso3": "ATA"
  },
  {
    "capital": "St. John's",
    "code": "ag",
    "continent": "North America",
    "flag_1x1": "flags/1x1/ag.svg",
    "flag_4x3": "flags/4x3/ag.svg",
    "iso": true,
    "name": "Antigua and Barbuda",
    "telephonePrefix": "1-268",
    "timezone": "America/Antigua",
    "currency": "Dollar",
    "iso3": "ATG"
  },
  {
    "capital": "Buenos Aires",
    "code": "ar",
    "continent": "South America",
    "flag_1x1": "flags/1x1/ar.svg",
    "flag_4x3": "flags/4x3/ar.svg",
    "iso": true,
    "name": "Argentina",
    "telephonePrefix": "54",
    "timezone": "America/Argentina/Buenos_Aires",
    "currency": "Peso",
    "iso3": "ARG"
  },
  {
    "capital": "Yerevan",
    "code": "am",
    "continent": "Asia",
    "flag_1x1": "flags/1x1/am.svg",
    "flag_4x3": "flags/4x3/am.svg",
    "iso": true,
    "name": "Armenia",
    "telephonePrefix": "374",
    "timezone": "Asia/Yerevan",
    "currency": "Dram",
    "iso3": "ARM"
  },
  {
    "capital": "Oranjestad",
    "code": "aw",
    "continent": "South America",
    "flag_1x1": "flags/1x1/aw.svg",
    "flag_4x3": "flags/4x3/aw.svg",
    "iso": true,
    "name": "Aruba",
    "telephonePrefix": "297",
    "timezone": "America/Curacao",
    "currency": "Guilder",
    "iso3": "ABW"
  },
  {
    "capital": "Georgetown",
    "code": "ac",
    "continent": "Africa",
    "flag_1x1": "flags/1x1/ac.svg",
    "flag_4x3": "flags/4x3/ac.svg",
    "iso": false,
    "name": "Ascension Island",
    "telephonePrefix": ""
  },
  {
    "capital": "Canberra",
    "code": "au",
    "continent": "Oceania",
    "flag_1x1": "flags/1x1/au.svg",
    "flag_4x3": "flags/4x3/au.svg",
    "iso": true,
    "name": "Australia",
    "telephonePrefix": "61",
    "timezone": "Australia/Sydney",
    "currency": "Dollar",
    "iso3": "AUS"
  },
  {
    "capital": "Vienna",
    "code": "at",
    "continent": "Europe",
    "flag_1x1": "flags/1x1/at.svg",
    "flag_4x3": "flags/4x3/at.svg",
    "iso": true,
    "name": "Austria",
    "telephonePrefix": "43",
    "timezone": "Europe/Vienna",
    "currency": "Euro",
    "iso3": "AUT"
  },
  {
    "capital": "Baku",
    "code": "az",
    "continent": "Asia",
    "flag_1x1": "flags/1x1/az.svg",
    "flag_4x3": "flags/4x3/az.svg",
    "iso": true,
    "name": "Azerbaijan",
    "telephonePrefix": "994",
    "timezone": "Asia/Baku",
    "currency": "Manat",
    "iso3": "AZE"
  },
  {
    "capital": "Nassau",
    "code": "bs",
    "continent": "North America",
    "flag_1x1": "flags/1x1/bs.svg",
    "flag_4x3": "flags/4x3/bs.svg",
    "iso": true,
    "name": "Bahamas",
    "telephonePrefix": "1-242",
    "timezone": "America/Nassau",
    "currency": "Dollar",
    "iso3": "BHS"
  },
  {
    "capital": "Manama",
    "code": "bh",
    "continent": "Asia",
    "flag_1x1": "flags/1x1/bh.svg",
    "flag_4x3": "flags/4x3/bh.svg",
    "iso": true,
    "name": "Bahrain",
    "telephonePrefix": "973",
    "timezone": "Asia/Bahrain",
    "currency": "Dinar",
    "iso3": "BHR"
  },
  {
    "capital": "Dhaka",
    "code": "bd",
    "continent": "Asia",
    "flag_1x1": "flags/1x1/bd.svg",
    "flag_4x3": "flags/4x3/bd.svg",
    "iso": true,
    "name": "Bangladesh",
    "telephonePrefix": "880",
    "timezone": "Asia/Dhaka",
    "currency": "Taka",
    "iso3": "BGD"
  },
  {
    "capital": "Bridgetown",
    "code": "bb",
    "continent": "North America",
    "flag_1x1": "flags/1x1/bb.svg",
    "flag_4x3": "flags/4x3/bb.svg",
    "iso": true,
    "name": "Barbados",
    "telephonePrefix": "1-246",
    "timezone": "America/Barbados",
    "currency": "Dollar",
    "iso3": "BRB"
  },
  {
    "code": "es-pv",
    "flag_1x1": "flags/1x1/es-pv.svg",
    "flag_4x3": "flags/4x3/es-pv.svg",
    "iso": false,
    "name": "Basque Country",
    "telephonePrefix": ""
  },
  {
    "capital": "Minsk",
    "code": "by",
    "continent": "Europe",
    "flag_1x1": "flags/1x1/by.svg",
    "flag_4x3": "flags/4x3/by.svg",
    "iso": true,
    "name": "Belarus",
    "telephonePrefix": "375",
    "timezone": "Europe/Minsk",
    "currency": "Ruble",
    "iso3": "BLR"
  },
  {
    "capital": "Brussels",
    "code": "be",
    "continent": "Europe",
    "flag_1x1": "flags/1x1/be.svg",
    "flag_4x3": "flags/4x3/be.svg",
    "iso": true,
    "name": "Belgium",
    "telephonePrefix": "32",
    "timezone": "Europe/Brussels",
    "currency": "Euro",
    "iso3": "BEL"
  },
  {
    "capital": "Belmopan",
    "code": "bz",
    "continent": "North America",
    "flag_1x1": "flags/1x1/bz.svg",
    "flag_4x3": "flags/4x3/bz.svg",
    "iso": true,
    "name": "Belize",
    "telephonePrefix": "501",
    "timezone": "America/Belize",
    "currency": "Dollar",
    "iso3": "BLZ"
  },
  {
    "capital": "Porto-Novo",
    "code": "bj",
    "continent": "Africa",
    "flag_1x1": "flags/1x1/bj.svg",
    "flag_4x3": "flags/4x3/bj.svg",
    "iso": true,
    "name": "Benin",
    "telephonePrefix": "229",
    "timezone": "Africa/Lagos",
    "currency": "Franc",
    "iso3": "BEN"
  },
  {
    "capital": "Hamilton",
    "code": "bm",
    "continent": "North America",
    "flag_1x1": "flags/1x1/bm.svg",
    "flag_4x3": "flags/4x3/bm.svg",
    "iso": true,
    "name": "Bermuda",
    "telephonePrefix": "1-441",
    "timezone": "Atlantic/Bermuda",
    "currency": "Dollar",
    "iso3": "BMU"
  },
  {
    "capital": "Thimphu",
    "code": "bt",
    "continent": "Asia",
    "flag_1x1": "flags/1x1/bt.svg",
    "flag_4x3": "flags/4x3/bt.svg",
    "iso": true,
    "name": "Bhutan",
    "telephonePrefix": "975",
    "timezone": "Asia/Thimphu",
    "currency": "Ngultrum",
    "iso3": "BTN"
  },
  {
    "capital": "Sucre",
    "code": "bo",
    "continent": "South America",
    "flag_1x1": "flags/1x1/bo.svg",
    "flag_4x3": "flags/4x3/bo.svg",
    "iso": true,
    "name": "Bolivia",
    "telephonePrefix": "591",
    "timezone": "America/La_Paz",
    "currency": "Boliviano",
    "iso3": "BOL"
  },
  {
    "capital": "Kralendijk",
    "code": "bq",
    "continent": "South America",
    "flag_1x1": "flags/1x1/bq.svg",
    "flag_4x3": "flags/4x3/bq.svg",
    "iso": true,
    "name": "Bonaire, Sint Eustatius and Saba",
    "telephonePrefix": ""
  },
  {
    "capital": "Sarajevo",
    "code": "ba",
    "continent": "Europe",
    "flag_1x1": "flags/1x1/ba.svg",
    "flag_4x3": "flags/4x3/ba.svg",
    "iso": true,
    "name": "Bosnia and Herzegovina",
    "telephonePrefix": "387",
    "timezone": "Europe/Belgrade",
    "currency": "Marka",
    "iso3": "BIH"
  },
  {
    "capital": "Gaborone",
    "code": "bw",
    "continent": "Africa",
    "flag_1x1": "flags/1x1/bw.svg",
    "flag_4x3": "flags/4x3/bw.svg",
    "iso": true,
    "name": "Botswana",
    "telephonePrefix": "267",
    "timezone": "Africa/Maputo",
    "currency": "Pula",
    "iso3": "BWA"
  },
  {
    "code": "bv",
    "flag_1x1": "flags/1x1/bv.svg",
    "flag_4x3": "flags/4x3/bv.svg",
    "iso": true,
    "name": "Bouvet Island",
    "telephonePrefix": ""
  },
  {
    "capital": "Brasília",
    "code": "br",
    "continent": "South America",
    "flag_1x1": "flags/1x1/br.svg",
    "flag_4x3": "flags/4x3/br.svg",
    "iso": true,
    "name": "Brazil",
    "telephonePrefix": "55",
    "timezone": "America/Sao_Paulo",
    "currency": "Real",
    "iso3": "BRA"
  },
  {
    "capital": "Diego Garcia",
    "code": "io",
    "continent": "Asia",
    "flag_1x1": "flags/1x1/io.svg",
    "flag_4x3": "flags/4x3/io.svg",
    "iso": true,
    "name": "British Indian Ocean Territory",
    "telephonePrefix": "246",
    "timezone": "Indian/Chagos",
    "currency": "Dollar",
    "iso3": "IOT"
  },
  {
    "capital": "Bandar Seri Begawan",
    "code": "bn",
    "continent": "Asia",
    "flag_1x1": "flags/1x1/bn.svg",
    "flag_4x3": "flags/4x3/bn.svg",
    "iso": true,
    "name": "Brunei Darussalam",
    "telephonePrefix": "673",
    "timezone": "Asia/Brunei",
    "currency": "Dollar",
    "iso3": "BRN"
  },
  {
    "capital": "Sofia",
    "code": "bg",
    "continent": "Europe",
    "flag_1x1": "flags/1x1/bg.svg",
    "flag_4x3": "flags/4x3/bg.svg",
    "iso": true,
    "name": "Bulgaria",
    "telephonePrefix": "359",
    "timezone": "Europe/Sofia",
    "currency": "Lev",
    "iso3": "BGR"
  },
  {
    "capital": "Ouagadougou",
    "code": "bf",
    "continent": "Africa",
    "flag_1x1": "flags/1x1/bf.svg",
    "flag_4x3": "flags/4x3/bf.svg",
    "iso": true,
    "name": "Burkina Faso",
    "telephonePrefix": "226",
    "timezone": "Africa/Abidjan",
    "currency": "Franc",
    "iso3": "BFA"
  },
  {
    "capital": "Bujumbura",
    "code": "bi",
    "continent": "Africa",
    "flag_1x1": "flags/1x1/bi.svg",
    "flag_4x3": "flags/4x3/bi.svg",
    "iso": true,
    "name": "Burundi",
    "telephonePrefix": "257",
    "timezone": "Africa/Maputo",
    "currency": "Franc",
    "iso3": "BDI"
  },
  {
    "capital": "Praia",
    "code": "cv",
    "continent": "Africa",
    "flag_1x1": "flags/1x1/cv.svg",
    "flag_4x3": "flags/4x3/cv.svg",
    "iso": true,
    "name": "Cabo Verde",
    "telephonePrefix": "238",
    "timezone": "Atlantic/Cape_Verde",
    "currency": "Escudo",
    "iso3": "CPV"
  },
  {
    "capital": "Phnom Penh",
    "code": "kh",
    "continent": "Asia",
    "flag_1x1": "flags/1x1/kh.svg",
    "flag_4x3": "flags/4x3/kh.svg",
    "iso": true,
    "name": "Cambodia",
    "telephonePrefix": "855",
    "timezone": "Asia/Phnom_Penh",
    "currency": "Riels",
    "iso3": "KHM"
  },
  {
    "capital": "Yaoundé",
    "code": "cm",
    "continent": "Africa",
    "flag_1x1": "flags/1x1/cm.svg",
    "flag_4x3": "flags/4x3/cm.svg",
    "iso": true,
    "name": "Cameroon",
    "telephonePrefix": "237",
    "timezone": "Africa/Lagos",
    "currency": "Franc",
    "iso3": "CMR"
  },
  {
    "capital": "Ottawa",
    "code": "ca",
    "continent": "North America",
    "flag_1x1": "flags/1x1/ca.svg",
    "flag_4x3": "flags/4x3/ca.svg",
    "iso": true,
    "name": "Canada",
    "telephonePrefix": "1",
    "timezone": "America/Toronto",
    "currency": "Dollar",
    "iso3": "CAN"
  },
  {
    "code": "ic",
    "flag_1x1": "flags/1x1/ic.svg",
    "flag_4x3": "flags/4x3/ic.svg",
    "iso": false,
    "name": "Canary Islands"
  },
  {
    "code": "es-ct",
    "flag_1x1": "flags/1x1/es-ct.svg",
    "flag_4x3": "flags/4x3/es-ct.svg",
    "iso": false,
    "name": "Catalonia"
  },
  {
    "capital": "George Town",
    "code": "ky",
    "continent": "North America",
    "flag_1x1": "flags/1x1/ky.svg",
    "flag_4x3": "flags/4x3/ky.svg",
    "iso": true,
    "name": "Cayman Islands",
    "telephonePrefix": "1-345",
    "timezone": "America/Cayman",
    "currency": "Dollar",
    "iso3": "CYM"
  },
  {
    "capital": "Bangui",
    "code": "cf",
    "continent": "Africa",
    "flag_1x1": "flags/1x1/cf.svg",
    "flag_4x3": "flags/4x3/cf.svg",
    "iso": true,
    "name": "Central African Republic",
    "telephonePrefix": "236",
    "timezone": "Africa/Lagos",
    "currency": "Franc",
    "iso3": "CAF"
  },
  {
    "code": "cefta",
    "flag_1x1": "flags/1x1/cefta.svg",
    "flag_4x3": "flags/4x3/cefta.svg",
    "iso": false,
    "name": "Central European Free Trade Agreement"
  },
  {
    "capital": "N'Djamena",
    "code": "td",
    "continent": "Africa",
    "flag_1x1": "flags/1x1/td.svg",
    "flag_4x3": "flags/4x3/td.svg",
    "iso": true,
    "name": "Chad",
    "telephonePrefix": "235",
    "timezone": "Africa/Ndjamena",
    "currency": "Franc",
    "iso3": "TCD"
  },
  {
    "capital": "Santiago",
    "code": "cl",
    "continent": "South America",
    "flag_1x1": "flags/1x1/cl.svg",
    "flag_4x3": "flags/4x3/cl.svg",
    "iso": true,
    "name": "Chile",
    "telephonePrefix": "56",
    "timezone": "America/Santiago",
    "currency": "Peso",
    "iso3": "CHL"
  },
  {
    "capital": "Beijing",
    "code": "cn",
    "continent": "Asia",
    "flag_1x1": "flags/1x1/cn.svg",
    "flag_4x3": "flags/4x3/cn.svg",
    "iso": true,
    "name": "China",
    "telephonePrefix": "86",
    "timezone": "Asia/Shanghai",
    "currency": "Yuan Renminbi",
    "iso3": "CHN"
  },
  {
    "capital": "Flying Fish Cove",
    "code": "cx",
    "continent": "Asia",
    "flag_1x1": "flags/1x1/cx.svg",
    "flag_4x3": "flags/4x3/cx.svg",
    "iso": true,
    "name": "Christmas Island",
    "telephonePrefix": "61",
    "timezone": "Indian/Christmas",
    "currency": "Dollar",
    "iso3": "CXR"
  },
  {
    "code": "cp",
    "flag_1x1": "flags/1x1/cp.svg",
    "flag_4x3": "flags/4x3/cp.svg",
    "iso": false,
    "name": "Clipperton Island"
  },
  {
    "capital": "West Island",
    "code": "cc",
    "continent": "Asia",
    "flag_1x1": "flags/1x1/cc.svg",
    "flag_4x3": "flags/4x3/cc.svg",
    "iso": true,
    "name": "Cocos (Keeling) Islands",
    "telephonePrefix": "61",
    "timezone": "Indian/Cocos",
    "currency": "Dollar",
    "iso3": "CCK"
  },
  {
    "capital": "Bogotá",
    "code": "co",
    "continent": "South America",
    "flag_1x1": "flags/1x1/co.svg",
    "flag_4x3": "flags/4x3/co.svg",
    "iso": true,
    "name": "Colombia",
    "telephonePrefix": "57",
    "timezone": "America/Bogota",
    "currency": "Peso",
    "iso3": "COL"
  },
  {
    "capital": "Moroni",
    "code": "km",
    "continent": "Africa",
    "flag_1x1": "flags/1x1/km.svg",
    "flag_4x3": "flags/4x3/km.svg",
    "iso": true,
    "name": "Comoros",
    "telephonePrefix": "269",
    "timezone": "Indian/Comoro",
    "currency": "Franc",
    "iso3": "COM"
  },
  {
    "capital": "Avarua",
    "code": "ck",
    "continent": "Oceania",
    "flag_1x1": "flags/1x1/ck.svg",
    "flag_4x3": "flags/4x3/ck.svg",
    "iso": true,
    "name": "Cook Islands",
    "telephonePrefix": "682",
    "timezone": "Pacific/Rarotonga",
    "currency": "Dollar",
    "iso3": "COK"
  },
  {
    "capital": "San José",
    "code": "cr",
    "continent": "North America",
    "flag_1x1": "flags/1x1/cr.svg",
    "flag_4x3": "flags/4x3/cr.svg",
    "iso": true,
    "name": "Costa Rica",
    "telephonePrefix": "506",
    "timezone": "America/Costa_Rica",
    "currency": "Colon",
    "iso3": "CRI"
  },
  {
    "capital": "Zagreb",
    "code": "hr",
    "continent": "Europe",
    "flag_1x1": "flags/1x1/hr.svg",
    "flag_4x3": "flags/4x3/hr.svg",
    "iso": true,
    "name": "Croatia",
    "telephonePrefix": "385",
    "timezone": "Europe/Belgrade",
    "currency": "Kuna",
    "iso3": "HRV"
  },
  {
    "capital": "Havana",
    "code": "cu",
    "continent": "North America",
    "flag_1x1": "flags/1x1/cu.svg",
    "flag_4x3": "flags/4x3/cu.svg",
    "iso": true,
    "name": "Cuba",
    "telephonePrefix": "53",
    "timezone": "America/Havana",
    "currency": "Peso",
    "iso3": "CUB"
  },
  {
    "capital": "Willemstad",
    "code": "cw",
    "continent": "South America",
    "flag_1x1": "flags/1x1/cw.svg",
    "flag_4x3": "flags/4x3/cw.svg",
    "iso": true,
    "name": "Curaçao",
    "telephonePrefix": "599",
    "timezone": "America/Curacao",
    "currency": "Guilder",
    "iso3": "CUW"
  },
  {
    "capital": "Nicosia",
    "code": "cy",
    "continent": "Europe",
    "flag_1x1": "flags/1x1/cy.svg",
    "flag_4x3": "flags/4x3/cy.svg",
    "iso": true,
    "name": "Cyprus",
    "telephonePrefix": "357",
    "timezone": "Asia/Nicosia",
    "currency": "Euro",
    "iso3": "CYP"
  },
  {
    "capital": "Prague",
    "code": "cz",
    "continent": "Europe",
    "flag_1x1": "flags/1x1/cz.svg",
    "flag_4x3": "flags/4x3/cz.svg",
    "iso": true,
    "name": "Czech Republic",
    "telephonePrefix": "420",
    "timezone": "Europe/Prague",
    "currency": "Koruna",
    "iso3": "CZE"
  },
  {
    "capital": "Yamoussoukro",
    "code": "ci",
    "continent": "Africa",
    "flag_1x1": "flags/1x1/ci.svg",
    "flag_4x3": "flags/4x3/ci.svg",
    "iso": true,
    "name": "Côte d'Ivoire",
    "telephonePrefix": "225",
    "timezone": "Africa/Abidjan",
    "currency": "Franc",
    "iso3": "CIV"
  },
  {
    "capital": "Kinshasa",
    "code": "cd",
    "continent": "Africa",
    "flag_1x1": "flags/1x1/cd.svg",
    "flag_4x3": "flags/4x3/cd.svg",
    "iso": true,
    "name": "Democratic Republic of the Congo",
    "telephonePrefix": "243",
    "timezone": "Africa/Lagos",
    "currency": "Franc",
    "iso3": "COD"
  },
  {
    "capital": "Copenhagen",
    "code": "dk",
    "continent": "Europe",
    "flag_1x1": "flags/1x1/dk.svg",
    "flag_4x3": "flags/4x3/dk.svg",
    "iso": true,
    "name": "Denmark",
    "telephonePrefix": "45",
    "timezone": "Europe/Copenhagen",
    "currency": "Krone",
    "iso3": "DNK"
  },
  {
    "code": "dg",
    "flag_1x1": "flags/1x1/dg.svg",
    "flag_4x3": "flags/4x3/dg.svg",
    "iso": false,
    "name": "Diego Garcia"
  },
  {
    "capital": "Djibouti",
    "code": "dj",
    "continent": "Africa",
    "flag_1x1": "flags/1x1/dj.svg",
    "flag_4x3": "flags/4x3/dj.svg",
    "iso": true,
    "name": "Djibouti",
    "telephonePrefix": "253",
    "timezone": "Africa/Djibouti",
    "currency": "Franc",
    "iso3": "DJI"
  },
  {
    "capital": "Roseau",
    "code": "dm",
    "continent": "North America",
    "flag_1x1": "flags/1x1/dm.svg",
    "flag_4x3": "flags/4x3/dm.svg",
    "iso": true,
    "name": "Dominica",
    "telephonePrefix": "1-767",
    "timezone": "America/Port_of_Spain",
    "currency": "Dollar",
    "iso3": "DMA"
  },
  {
    "capital": "Santo Domingo",
    "code": "do",
    "continent": "North America",
    "flag_1x1": "flags/1x1/do.svg",
    "flag_4x3": "flags/4x3/do.svg",
    "iso": true,
    "name": "Dominican Republic",
    "telephonePrefix": "1-809, 1-829, 1-849",
    "timezone": "America/Santo_Domingo",
    "currency": "Peso",
    "iso3": "DOM"
  },
  {
    "code": "eac",
    "flag_1x1": "flags/1x1/eac.svg",
    "flag_4x3": "flags/4x3/eac.svg",
    "iso": false,
    "name": "East African Community"
  },
  {
    "capital": "Quito",
    "code": "ec",
    "continent": "South America",
    "flag_1x1": "flags/1x1/ec.svg",
    "flag_4x3": "flags/4x3/ec.svg",
    "iso": true,
    "name": "Ecuador",
    "telephonePrefix": "593",
    "timezone": "America/Guayaquil",
    "currency": "Dollar",
    "iso3": "ECU"
  },
  {
    "capital": "Cairo",
    "code": "eg",
    "continent": "Africa",
    "flag_1x1": "flags/1x1/eg.svg",
    "flag_4x3": "flags/4x3/eg.svg",
    "iso": true,
    "name": "Egypt",
    "telephonePrefix": "20",
    "timezone": "Africa/Cairo",
    "currency": "Pound",
    "iso3": "EGY"
  },
  {
    "capital": "San Salvador",
    "code": "sv",
    "continent": "North America",
    "flag_1x1": "flags/1x1/sv.svg",
    "flag_4x3": "flags/4x3/sv.svg",
    "iso": true,
    "name": "El Salvador",
    "telephonePrefix": "503",
    "timezone": "America/El_Salvador",
    "currency": "Dollar",
    "iso3": "SLV"
  },
  {
    "capital": "London",
    "code": "gb-eng",
    "continent": "Europe",
    "flag_1x1": "flags/1x1/gb-eng.svg",
    "flag_4x3": "flags/4x3/gb-eng.svg",
    "iso": false,
    "name": "England"
  },
  {
    "capital": "Malabo",
    "code": "gq",
    "continent": "Africa",
    "flag_1x1": "flags/1x1/gq.svg",
    "flag_4x3": "flags/4x3/gq.svg",
    "iso": true,
    "name": "Equatorial Guinea",
    "telephonePrefix": "240",
    "timezone": "Africa/Lagos",
    "currency": "Franc",
    "iso3": "GNQ"
  },
  {
    "capital": "Asmara",
    "code": "er",
    "continent": "Africa",
    "flag_1x1": "flags/1x1/er.svg",
    "flag_4x3": "flags/4x3/er.svg",
    "iso": true,
    "name": "Eritrea",
    "telephonePrefix": "291",
    "timezone": "Africa/Asmara",
    "currency": "Nakfa",
    "iso3": "ERI"
  },
  {
    "capital": "Tallinn",
    "code": "ee",
    "continent": "Europe",
    "flag_1x1": "flags/1x1/ee.svg",
    "flag_4x3": "flags/4x3/ee.svg",
    "iso": true,
    "name": "Estonia",
    "telephonePrefix": "372",
    "timezone": "Europe/Tallinn",
    "currency": "Euro",
    "iso3": "EST"
  },
  {
    "capital": "Lobamba, Mbabane",
    "code": "sz",
    "continent": "Africa",
    "flag_1x1": "flags/1x1/sz.svg",
    "flag_4x3": "flags/4x3/sz.svg",
    "iso": true,
    "name": "Eswatini",
    "telephonePrefix": "268",
    "timezone": "Africa/Johannesburg",
    "currency": "Lilangeni",
    "iso3": "SWZ"
  },
  {
    "capital": "Addis Ababa",
    "code": "et",
    "continent": "Africa",
    "flag_1x1": "flags/1x1/et.svg",
    "flag_4x3": "flags/4x3/et.svg",
    "iso": true,
    "name": "Ethiopia",
    "telephonePrefix": "251",
    "timezone": "Africa/Addis_Ababa",
    "currency": "Birr",
    "iso3": "ETH"
  },
  {
    "code": "eu",
    "flag_1x1": "flags/1x1/eu.svg",
    "flag_4x3": "flags/4x3/eu.svg",
    "iso": false,
    "name": "Europe"
  },
  {
    "capital": "Stanley",
    "code": "fk",
    "continent": "South America",
    "flag_1x1": "flags/1x1/fk.svg",
    "flag_4x3": "flags/4x3/fk.svg",
    "iso": true,
    "name": "Falkland Islands",
    "telephonePrefix": "500",
    "timezone": "Atlantic/Stanley",
    "currency": "Pound",
    "iso3": "FLK"
  },
  {
    "capital": "Tórshavn",
    "code": "fo",
    "continent": "Europe",
    "flag_1x1": "flags/1x1/fo.svg",
    "flag_4x3": "flags/4x3/fo.svg",
    "iso": true,
    "name": "Faroe Islands",
    "telephonePrefix": "298",
    "timezone": "Atlantic/Faroe",
    "currency": "Krone",
    "iso3": "FRO"
  },
  {
    "capital": "Palikir",
    "code": "fm",
    "continent": "Oceania",
    "flag_1x1": "flags/1x1/fm.svg",
    "flag_4x3": "flags/4x3/fm.svg",
    "iso": true,
    "name": "Federated States of Micronesia",
    "telephonePrefix": "691",
    "timezone": "Pacific/Pohnpei",
    "currency": "Dollar",
    "iso3": "FSM"
  },
  {
    "capital": "Suva",
    "code": "fj",
    "continent": "Oceania",
    "flag_1x1": "flags/1x1/fj.svg",
    "flag_4x3": "flags/4x3/fj.svg",
    "iso": true,
    "name": "Fiji",
    "telephonePrefix": "679",
    "timezone": "Pacific/Fiji",
    "currency": "Dollar",
    "iso3": "FJI"
  },
  {
    "capital": "Helsinki",
    "code": "fi",
    "continent": "Europe",
    "flag_1x1": "flags/1x1/fi.svg",
    "flag_4x3": "flags/4x3/fi.svg",
    "iso": true,
    "name": "Finland",
    "telephonePrefix": "358",
    "timezone": "Europe/Helsinki",
    "currency": "Euro",
    "iso3": "FIN"
  },
  {
    "capital": "Paris",
    "code": "fr",
    "continent": "Europe",
    "flag_1x1": "flags/1x1/fr.svg",
    "flag_4x3": "flags/4x3/fr.svg",
    "iso": true,
    "name": "France",
    "telephonePrefix": "33",
    "timezone": "Europe/Paris",
    "currency": "Euro",
    "iso3": "FRA"
  },
  {
    "capital": "Cayenne",
    "code": "gf",
    "continent": "South America",
    "flag_1x1": "flags/1x1/gf.svg",
    "flag_4x3": "flags/4x3/gf.svg",
    "iso": true,
    "name": "French Guiana"
  },
  {
    "capital": "Papeete",
    "code": "pf",
    "continent": "Oceania",
    "flag_1x1": "flags/1x1/pf.svg",
    "flag_4x3": "flags/4x3/pf.svg",
    "iso": true,
    "name": "French Polynesia",
    "telephonePrefix": "689",
    "timezone": "Pacific/Tahiti",
    "currency": "Franc",
    "iso3": "PYF"
  },
  {
    "capital": "Saint-Pierre, Réunion",
    "code": "tf",
    "continent": "Africa",
    "flag_1x1": "flags/1x1/tf.svg",
    "flag_4x3": "flags/4x3/tf.svg",
    "iso": true,
    "name": "French Southern Territories"
  },
  {
    "capital": "Libreville",
    "code": "ga",
    "continent": "Africa",
    "flag_1x1": "flags/1x1/ga.svg",
    "flag_4x3": "flags/4x3/ga.svg",
    "iso": true,
    "name": "Gabon",
    "telephonePrefix": "241",
    "timezone": "Africa/Lagos",
    "currency": "Franc",
    "iso3": "GAB"
  },
  {
    "code": "es-ga",
    "flag_1x1": "flags/1x1/es-ga.svg",
    "flag_4x3": "flags/4x3/es-ga.svg",
    "iso": false,
    "name": "Galicia"
  },
  {
    "capital": "Banjul",
    "code": "gm",
    "continent": "Africa",
    "flag_1x1": "flags/1x1/gm.svg",
    "flag_4x3": "flags/4x3/gm.svg",
    "iso": true,
    "name": "Gambia",
    "telephonePrefix": "220",
    "timezone": "Africa/Abidjan",
    "currency": "Dalasi",
    "iso3": "GMB"
  },
  {
    "capital": "Tbilisi",
    "code": "ge",
    "continent": "Asia",
    "flag_1x1": "flags/1x1/ge.svg",
    "flag_4x3": "flags/4x3/ge.svg",
    "iso": true,
    "name": "Georgia",
    "telephonePrefix": "995",
    "timezone": "Asia/Tbilisi",
    "currency": "Lari",
    "iso3": "GEO"
  },
  {
    "capital": "Berlin",
    "code": "de",
    "continent": "Europe",
    "flag_1x1": "flags/1x1/de.svg",
    "flag_4x3": "flags/4x3/de.svg",
    "iso": true,
    "name": "Germany",
    "telephonePrefix": "49",
    "timezone": "Europe/Berlin",
    "currency": "Euro",
    "iso3": "DEU"
  },
  {
    "capital": "Accra",
    "code": "gh",
    "continent": "Africa",
    "flag_1x1": "flags/1x1/gh.svg",
    "flag_4x3": "flags/4x3/gh.svg",
    "iso": true,
    "name": "Ghana",
    "telephonePrefix": "233",
    "timezone": "Africa/Accra",
    "currency": "Cedi",
    "iso3": "GHA"
  },
  {
    "capital": "Gibraltar",
    "code": "gi",
    "continent": "Europe",
    "flag_1x1": "flags/1x1/gi.svg",
    "flag_4x3": "flags/4x3/gi.svg",
    "iso": true,
    "name": "Gibraltar",
    "telephonePrefix": "350",
    "timezone": "Europe/Gibraltar",
    "currency": "Pound",
    "iso3": "GIB"
  },
  {
    "capital": "Athens",
    "code": "gr",
    "continent": "Europe",
    "flag_1x1": "flags/1x1/gr.svg",
    "flag_4x3": "flags/4x3/gr.svg",
    "iso": true,
    "name": "Greece",
    "telephonePrefix": "30",
    "timezone": "Europe/Athens",
    "currency": "Euro",
    "iso3": "GRC"
  },
  {
    "capital": "Nuuk",
    "code": "gl",
    "continent": "North America",
    "flag_1x1": "flags/1x1/gl.svg",
    "flag_4x3": "flags/4x3/gl.svg",
    "iso": true,
    "name": "Greenland",
    "telephonePrefix": "299",
    "timezone": "America/Godthab",
    "currency": "Krone",
    "iso3": "GRL"
  },
  {
    "capital": "St. George's",
    "code": "gd",
    "continent": "North America",
    "flag_1x1": "flags/1x1/gd.svg",
    "flag_4x3": "flags/4x3/gd.svg",
    "iso": true,
    "name": "Grenada",
    "telephonePrefix": "1-473",
    "timezone": "America/Port_of_Spain",
    "currency": "Dollar",
    "iso3": "GRD"
  },
  {
    "capital": "Basse-Terre",
    "code": "gp",
    "continent": "North America",
    "flag_1x1": "flags/1x1/gp.svg",
    "flag_4x3": "flags/4x3/gp.svg",
    "iso": true,
    "name": "Guadeloupe"
  },
  {
    "capital": "Hagåtña",
    "code": "gu",
    "continent": "Oceania",
    "flag_1x1": "flags/1x1/gu.svg",
    "flag_4x3": "flags/4x3/gu.svg",
    "iso": true,
    "name": "Guam",
    "telephonePrefix": "1-671",
    "timezone": "Pacific/Guam",
    "currency": "Dollar",
    "iso3": "GUM"
  },
  {
    "capital": "Guatemala City",
    "code": "gt",
    "continent": "North America",
    "flag_1x1": "flags/1x1/gt.svg",
    "flag_4x3": "flags/4x3/gt.svg",
    "iso": true,
    "name": "Guatemala",
    "telephonePrefix": "502",
    "timezone": "America/Guatemala",
    "currency": "Quetzal",
    "iso3": "GTM"
  },
  {
    "capital": "Saint Peter Port",
    "code": "gg",
    "continent": "Europe",
    "flag_1x1": "flags/1x1/gg.svg",
    "flag_4x3": "flags/4x3/gg.svg",
    "iso": true,
    "name": "Guernsey",
    "telephonePrefix": "44-1481",
    "timezone": "Europe/London",
    "currency": "Pound",
    "iso3": "GGY"
  },
  {
    "capital": "Conakry",
    "code": "gn",
    "continent": "Africa",
    "flag_1x1": "flags/1x1/gn.svg",
    "flag_4x3": "flags/4x3/gn.svg",
    "iso": true,
    "name": "Guinea",
    "telephonePrefix": "224",
    "timezone": "Africa/Abidjan",
    "currency": "Franc",
    "iso3": "GIN"
  },
  {
    "capital": "Bissau",
    "code": "gw",
    "continent": "Africa",
    "flag_1x1": "flags/1x1/gw.svg",
    "flag_4x3": "flags/4x3/gw.svg",
    "iso": true,
    "name": "Guinea-Bissau",
    "telephonePrefix": "245",
    "timezone": "Africa/Bissau",
    "currency": "Franc",
    "iso3": "GNB"
  },
  {
    "capital": "Georgetown",
    "code": "gy",
    "continent": "South America",
    "flag_1x1": "flags/1x1/gy.svg",
    "flag_4x3": "flags/4x3/gy.svg",
    "iso": true,
    "name": "Guyana",
    "telephonePrefix": "592",
    "timezone": "America/Guyana",
    "currency": "Dollar",
    "iso3": "GUY"
  },
  {
    "capital": "Port-au-Prince",
    "code": "ht",
    "continent": "North America",
    "flag_1x1": "flags/1x1/ht.svg",
    "flag_4x3": "flags/4x3/ht.svg",
    "iso": true,
    "name": "Haiti",
    "telephonePrefix": "509",
    "timezone": "America/Port-au-Prince",
    "currency": "Gourde",
    "iso3": "HTI"
  },
  {
    "code": "hm",
    "flag_1x1": "flags/1x1/hm.svg",
    "flag_4x3": "flags/4x3/hm.svg",
    "iso": true,
    "name": "Heard Island and McDonald Islands"
  },
  {
    "capital": "Vatican City",
    "code": "va",
    "continent": "Europe",
    "flag_1x1": "flags/1x1/va.svg",
    "flag_4x3": "flags/4x3/va.svg",
    "iso": true,
    "name": "Holy See",
    "telephonePrefix": "379",
    "timezone": "Europe/Rome",
    "currency": "Euro",
    "iso3": "VAT"
  },
  {
    "capital": "Tegucigalpa",
    "code": "hn",
    "continent": "North America",
    "flag_1x1": "flags/1x1/hn.svg",
    "flag_4x3": "flags/4x3/hn.svg",
    "iso": true,
    "name": "Honduras",
    "telephonePrefix": "504",
    "timezone": "America/Tegucigalpa",
    "currency": "Lempira",
    "iso3": "HND"
  },
  {
    "capital": "Hong Kong",
    "code": "hk",
    "continent": "Asia",
    "flag_1x1": "flags/1x1/hk.svg",
    "flag_4x3": "flags/4x3/hk.svg",
    "iso": true,
    "name": "Hong Kong",
    "telephonePrefix": "852",
    "timezone": "Asia/Hong_Kong",
    "currency": "Dollar",
    "iso3": "HKG"
  },
  {
    "capital": "Budapest",
    "code": "hu",
    "continent": "Europe",
    "flag_1x1": "flags/1x1/hu.svg",
    "flag_4x3": "flags/4x3/hu.svg",
    "iso": true,
    "name": "Hungary",
    "telephonePrefix": "36",
    "timezone": "Europe/Budapest",
    "currency": "Forint",
    "iso3": "HUN"
  },
  {
    "capital": "Reykjavik",
    "code": "is",
    "continent": "Europe",
    "flag_1x1": "flags/1x1/is.svg",
    "flag_4x3": "flags/4x3/is.svg",
    "iso": true,
    "name": "Iceland",
    "telephonePrefix": "354",
    "timezone": "Atlantic/Reykjavik",
    "currency": "Krona",
    "iso3": "ISL"
  },
  {
    "capital": "New Delhi",
    "code": "in",
    "continent": "Asia",
    "flag_1x1": "flags/1x1/in.svg",
    "flag_4x3": "flags/4x3/in.svg",
    "iso": true,
    "name": "India",
    "telephonePrefix": "91",
    "timezone": "Asia/Kolkata",
    "currency": "Rupee",
    "iso3": "IND"
  },
  {
    "capital": "Jakarta",
    "code": "id",
    "continent": "Asia",
    "flag_1x1": "flags/1x1/id.svg",
    "flag_4x3": "flags/4x3/id.svg",
    "iso": true,
    "name": "Indonesia",
    "telephonePrefix": "62",
    "timezone": "Asia/Jakarta",
    "currency": "Rupiah",
    "iso3": "IDN"
  },
  {
    "capital": "Tehran",
    "code": "ir",
    "continent": "Asia",
    "flag_1x1": "flags/1x1/ir.svg",
    "flag_4x3": "flags/4x3/ir.svg",
    "iso": true,
    "name": "Iran",
    "telephonePrefix": "98",
    "timezone": "Asia/Tehran",
    "currency": "Rial",
    "iso3": "IRN"
  },
  {
    "capital": "Baghdad",
    "code": "iq",
    "continent": "Asia",
    "flag_1x1": "flags/1x1/iq.svg",
    "flag_4x3": "flags/4x3/iq.svg",
    "iso": true,
    "name": "Iraq",
    "telephonePrefix": "964",
    "timezone": "Asia/Baghdad",
    "currency": "Dinar",
    "iso3": "IRQ"
  },
  {
    "capital": "Dublin",
    "code": "ie",
    "continent": "Europe",
    "flag_1x1": "flags/1x1/ie.svg",
    "flag_4x3": "flags/4x3/ie.svg",
    "iso": true,
    "name": "Ireland",
    "telephonePrefix": "353",
    "timezone": "Europe/Dublin",
    "currency": "Euro",
    "iso3": "IRL"
  },
  {
    "capital": "Douglas",
    "code": "im",
    "continent": "Europe",
    "flag_1x1": "flags/1x1/im.svg",
    "flag_4x3": "flags/4x3/im.svg",
    "iso": true,
    "name": "Isle of Man",
    "telephonePrefix": "44-1624",
    "timezone": "Europe/London",
    "currency": "Pound",
    "iso3": "IMN"
  },
  {
    "capital": "Jerusalem",
    "code": "il",
    "continent": "Asia",
    "flag_1x1": "flags/1x1/il.svg",
    "flag_4x3": "flags/4x3/il.svg",
    "iso": true,
    "name": "Israel",
    "telephonePrefix": "972",
    "timezone": "Asia/Jerusalem",
    "currency": "Shekel",
    "iso3": "ISR"
  },
  {
    "capital": "Rome",
    "code": "it",
    "continent": "Europe",
    "flag_1x1": "flags/1x1/it.svg",
    "flag_4x3": "flags/4x3/it.svg",
    "iso": true,
    "name": "Italy",
    "telephonePrefix": "39",
    "timezone": "Europe/Rome",
    "currency": "Euro",
    "iso3": "ITA"
  },
  {
    "capital": "Kingston",
    "code": "jm",
    "continent": "North America",
    "flag_1x1": "flags/1x1/jm.svg",
    "flag_4x3": "flags/4x3/jm.svg",
    "iso": true,
    "name": "Jamaica",
    "telephonePrefix": "1-876",
    "timezone": "America/Jamaica",
    "currency": "Dollar",
    "iso3": "JAM"
  },
  {
    "capital": "Tokyo",
    "code": "jp",
    "continent": "Asia",
    "flag_1x1": "flags/1x1/jp.svg",
    "flag_4x3": "flags/4x3/jp.svg",
    "iso": true,
    "name": "Japan",
    "telephonePrefix": "81",
    "timezone": "Asia/Tokyo",
    "currency": "Yen",
    "iso3": "JPN"
  },
  {
    "capital": "Saint Helier",
    "code": "je",
    "continent": "Europe",
    "flag_1x1": "flags/1x1/je.svg",
    "flag_4x3": "flags/4x3/je.svg",
    "iso": true,
    "name": "Jersey",
    "telephonePrefix": "44-1534",
    "timezone": "Europe/London",
    "currency": "Pound",
    "iso3": "JEY"
  },
  {
    "capital": "Amman",
    "code": "jo",
    "continent": "Asia",
    "flag_1x1": "flags/1x1/jo.svg",
    "flag_4x3": "flags/4x3/jo.svg",
    "iso": true,
    "name": "Jordan",
    "telephonePrefix": "962",
    "timezone": "Asia/Amman",
    "currency": "Dinar",
    "iso3": "JOR"
  },
  {
    "capital": "Astana",
    "code": "kz",
    "continent": "Asia",
    "flag_1x1": "flags/1x1/kz.svg",
    "flag_4x3": "flags/4x3/kz.svg",
    "iso": true,
    "name": "Kazakhstan",
    "telephonePrefix": "7",
    "timezone": "Asia/Almaty",
    "currency": "Tenge",
    "iso3": "KAZ"
  },
  {
    "capital": "Nairobi",
    "code": "ke",
    "continent": "Africa",
    "flag_1x1": "flags/1x1/ke.svg",
    "flag_4x3": "flags/4x3/ke.svg",
    "iso": true,
    "name": "Kenya",
    "telephonePrefix": "254",
    "timezone": "Africa/Nairobi",
    "currency": "Shilling",
    "iso3": "KEN"
  },
  {
    "capital": "South Tarawa",
    "code": "ki",
    "continent": "Oceania",
    "flag_1x1": "flags/1x1/ki.svg",
    "flag_4x3": "flags/4x3/ki.svg",
    "iso": true,
    "name": "Kiribati",
    "telephonePrefix": "686",
    "timezone": "Pacific/Tarawa",
    "currency": "Dollar",
    "iso3": "KIR"
  },
  {
    "capital": "Pristina",
    "code": "xk",
    "continent": "Europe",
    "flag_1x1": "flags/1x1/xk.svg",
    "flag_4x3": "flags/4x3/xk.svg",
    "iso": false,
    "name": "Kosovo",
    "telephonePrefix": "383",
    "timezone": "Europe/Belgrade",
    "currency": "Euro",
    "iso3": "XKX"
  },
  {
    "capital": "Kuwait City",
    "code": "kw",
    "continent": "Asia",
    "flag_1x1": "flags/1x1/kw.svg",
    "flag_4x3": "flags/4x3/kw.svg",
    "iso": true,
    "name": "Kuwait",
    "telephonePrefix": "965",
    "timezone": "Asia/Kuwait",
    "currency": "Dinar",
    "iso3": "KWT"
  },
  {
    "capital": "Bishkek",
    "code": "kg",
    "continent": "Asia",
    "flag_1x1": "flags/1x1/kg.svg",
    "flag_4x3": "flags/4x3/kg.svg",
    "iso": true,
    "name": "Kyrgyzstan",
    "telephonePrefix": "996",
    "timezone": "Asia/Bishkek",
    "currency": "Som",
    "iso3": "KGZ"
  },
  {
    "capital": "Vientiane",
    "code": "la",
    "continent": "Asia",
    "flag_1x1": "flags/1x1/la.svg",
    "flag_4x3": "flags/4x3/la.svg",
    "iso": true,
    "name": "Laos",
    "telephonePrefix": "856",
    "timezone": "Asia/Vientiane",
    "currency": "Kip",
    "iso3": "LAO"
  },
  {
    "capital": "Riga",
    "code": "lv",
    "continent": "Europe",
    "flag_1x1": "flags/1x1/lv.svg",
    "flag_4x3": "flags/4x3/lv.svg",
    "iso": true,
    "name": "Latvia",
    "telephonePrefix": "371",
    "timezone": "Europe/Riga",
    "currency": "Euro",
    "iso3": "LVA"
  },
  {
    "code": "arab",
    "flag_1x1": "flags/1x1/arab.svg",
    "flag_4x3": "flags/4x3/arab.svg",
    "iso": false,
    "name": "League of Arab States"
  },
  {
    "capital": "Beirut",
    "code": "lb",
    "continent": "Asia",
    "flag_1x1": "flags/1x1/lb.svg",
    "flag_4x3": "flags/4x3/lb.svg",
    "iso": true,
    "name": "Lebanon",
    "telephonePrefix": "961",
    "timezone": "Asia/Beirut",
    "currency": "Pound",
    "iso3": "LBN"
  },
  {
    "capital": "Maseru",
    "code": "ls",
    "continent": "Africa",
    "flag_1x1": "flags/1x1/ls.svg",
    "flag_4x3": "flags/4x3/ls.svg",
    "iso": true,
    "name": "Lesotho",
    "telephonePrefix": "266",
    "timezone": "Africa/Johannesburg",
    "currency": "Loti",
    "iso3": "LSO"
  },
  {
    "capital": "Monrovia",
    "code": "lr",
    "continent": "Africa",
    "flag_1x1": "flags/1x1/lr.svg",
    "flag_4x3": "flags/4x3/lr.svg",
    "iso": true,
    "name": "Liberia",
    "telephonePrefix": "231",
    "timezone": "Africa/Monrovia",
    "currency": "Dollar",
    "iso3": "LBR"
  },
  {
    "capital": "Tripoli",
    "code": "ly",
    "continent": "Africa",
    "flag_1x1": "flags/1x1/ly.svg",
    "flag_4x3": "flags/4x3/ly.svg",
    "iso": true,
    "name": "Libya",
    "telephonePrefix": "218",
    "timezone": "Africa/Tripoli",
    "currency": "Dinar",
    "iso3": "LBY"
  },
  {
    "capital": "Vaduz",
    "code": "li",
    "continent": "Europe",
    "flag_1x1": "flags/1x1/li.svg",
    "flag_4x3": "flags/4x3/li.svg",
    "iso": true,
    "name": "Liechtenstein",
    "telephonePrefix": "423",
    "timezone": "Europe/Zurich",
    "currency": "Franc",
    "iso3": "LIE"
  },
  {
    "capital": "Vilnius",
    "code": "lt",
    "continent": "Europe",
    "flag_1x1": "flags/1x1/lt.svg",
    "flag_4x3": "flags/4x3/lt.svg",
    "iso": true,
    "name": "Lithuania",
    "telephonePrefix": "370",
    "timezone": "Europe/Vilnius",
    "currency": "Euro",
    "iso3": "LTU"
  },
  {
    "capital": "Luxembourg City",
    "code": "lu",
    "continent": "Europe",
    "flag_1x1": "flags/1x1/lu.svg",
    "flag_4x3": "flags/4x3/lu.svg",
    "iso": true,
    "name": "Luxembourg",
    "telephonePrefix": "352",
    "timezone": "Europe/Luxembourg",
    "currency": "Euro",
    "iso3": "LUX"
  },
  {
    "capital": "Macau",
    "code": "mo",
    "continent": "Asia",
    "flag_1x1": "flags/1x1/mo.svg",
    "flag_4x3": "flags/4x3/mo.svg",
    "iso": true,
    "name": "Macau",
    "telephonePrefix": "853",
    "timezone": "Asia/Macau",
    "currency": "Pataca",
    "iso3": "MAC"
  },
  {
    "capital": "Antananarivo",
    "code": "mg",
    "continent": "Africa",
    "flag_1x1": "flags/1x1/mg.svg",
    "flag_4x3": "flags/4x3/mg.svg",
    "iso": true,
    "name": "Madagascar",
    "telephonePrefix": "261",
    "timezone": "Indian/Antananarivo",
    "currency": "Ariary",
    "iso3": "MDG"
  },
  {
    "capital": "Lilongwe",
    "code": "mw",
    "continent": "Africa",
    "flag_1x1": "flags/1x1/mw.svg",
    "flag_4x3": "flags/4x3/mw.svg",
    "iso": true,
    "name": "Malawi",
    "telephonePrefix": "265",
    "timezone": "Africa/Maputo",
    "currency": "Kwacha",
    "iso3": "MWI"
  },
  {
    "capital": "Kuala Lumpur",
    "code": "my",
    "continent": "Asia",
    "flag_1x1": "flags/1x1/my.svg",
    "flag_4x3": "flags/4x3/my.svg",
    "iso": true,
    "name": "Malaysia",
    "telephonePrefix": "60",
    "timezone": "Asia/Kuala_Lumpur",
    "currency": "Ringgit",
    "iso3": "MYS"
  },
  {
    "capital": "Malé",
    "code": "mv",
    "continent": "Asia",
    "flag_1x1": "flags/1x1/mv.svg",
    "flag_4x3": "flags/4x3/mv.svg",
    "iso": true,
    "name": "Maldives",
    "telephonePrefix": "960",
    "timezone": "Indian/Maldives",
    "currency": "Rufiyaa",
    "iso3": "MDV"
  },
  {
    "capital": "Bamako",
    "code": "ml",
    "continent": "Africa",
    "flag_1x1": "flags/1x1/ml.svg",
    "flag_4x3": "flags/4x3/ml.svg",
    "iso": true,
    "name": "Mali",
    "telephonePrefix": "223",
    "timezone": "Africa/Abidjan",
    "currency": "Franc",
    "iso3": "MLI"
  },
  {
    "capital": "Valletta",
    "code": "mt",
    "continent": "Europe",
    "flag_1x1": "flags/1x1/mt.svg",
    "flag_4x3": "flags/4x3/mt.svg",
    "iso": true,
    "name": "Malta",
    "telephonePrefix": "356",
    "timezone": "Europe/Malta",
    "currency": "Euro",
    "iso3": "MLT"
  },
  {
    "capital": "Majuro",
    "code": "mh",
    "continent": "Oceania",
    "flag_1x1": "flags/1x1/mh.svg",
    "flag_4x3": "flags/4x3/mh.svg",
    "iso": true,
    "name": "Marshall Islands",
    "telephonePrefix": "692",
    "timezone": "Pacific/Majuro",
    "currency": "Dollar",
    "iso3": "MHL"
  },
  {
    "capital": "Fort-de-France",
    "code": "mq",
    "continent": "North America",
    "flag_1x1": "flags/1x1/mq.svg",
    "flag_4x3": "flags/4x3/mq.svg",
    "iso": true,
    "name": "Martinique"
  },
  {
    "capital": "Nouakchott",
    "code": "mr",
    "continent": "Africa",
    "flag_1x1": "flags/1x1/mr.svg",
    "flag_4x3": "flags/4x3/mr.svg",
    "iso": true,
    "name": "Mauritania",
    "telephonePrefix": "222",
    "timezone": "Africa/Abidjan",
    "currency": "Ouguiya",
    "iso3": "MRT"
  },
  {
    "capital": "Port Louis",
    "code": "mu",
    "continent": "Africa",
    "flag_1x1": "flags/1x1/mu.svg",
    "flag_4x3": "flags/4x3/mu.svg",
    "iso": true,
    "name": "Mauritius",
    "telephonePrefix": "230",
    "timezone": "Indian/Mauritius",
    "currency": "Rupee",
    "iso3": "MUS"
  },
  {
    "capital": "Mamoudzou",
    "code": "yt",
    "continent": "Africa",
    "flag_1x1": "flags/1x1/yt.svg",
    "flag_4x3": "flags/4x3/yt.svg",
    "iso": true,
    "name": "Mayotte",
    "telephonePrefix": "262",
    "timezone": "Indian/Mayotte",
    "currency": "Euro",
    "iso3": "MYT"
  },
  {
    "capital": "Mexico City",
    "code": "mx",
    "continent": "North America",
    "flag_1x1": "flags/1x1/mx.svg",
    "flag_4x3": "flags/4x3/mx.svg",
    "iso": true,
    "name": "Mexico",
    "telephonePrefix": "52",
    "timezone": "America/Mexico_City",
    "currency": "Peso",
    "iso3": "MEX"
  },
  {
    "capital": "Chișinău",
    "code": "md",
    "continent": "Europe",
    "flag_1x1": "flags/1x1/md.svg",
    "flag_4x3": "flags/4x3/md.svg",
    "iso": true,
    "name": "Moldova",
    "telephonePrefix": "373",
    "timezone": "Europe/Chisinau",
    "currency": "Leu",
    "iso3": "MDA"
  },
  {
    "capital": "Monaco",
    "code": "mc",
    "continent": "Europe",
    "flag_1x1": "flags/1x1/mc.svg",
    "flag_4x3": "flags/4x3/mc.svg",
    "iso": true,
    "name": "Monaco",
    "telephonePrefix": "377",
    "timezone": "Europe/Monaco",
    "currency": "Euro",
    "iso3": "MCO"
  },
  {
    "capital": "Ulaanbaatar",
    "code": "mn",
    "continent": "Asia",
    "flag_1x1": "flags/1x1/mn.svg",
    "flag_4x3": "flags/4x3/mn.svg",
    "iso": true,
    "name": "Mongolia",
    "telephonePrefix": "976",
    "timezone": "Asia/Ulaanbaatar",
    "currency": "Tugrik",
    "iso3": "MNG"
  },
  {
    "capital": "Podgorica",
    "code": "me",
    "continent": "Europe",
    "flag_1x1": "flags/1x1/me.svg",
    "flag_4x3": "flags/4x3/me.svg",
    "iso": true,
    "name": "Montenegro",
    "telephonePrefix": "382",
    "timezone": "Europe/Belgrade",
    "currency": "Euro",
    "iso3": "MNE"
  },
  {
    "capital": "Little Bay, Brades, Plymouth",
    "code": "ms",
    "continent": "North America",
    "flag_1x1": "flags/1x1/ms.svg",
    "flag_4x3": "flags/4x3/ms.svg",
    "iso": true,
    "name": "Montserrat",
    "telephonePrefix": "1-664",
    "timezone": "America/Port_of_Spain",
    "currency": "Dollar",
    "iso3": "MSR"
  },
  {
    "capital": "Rabat",
    "code": "ma",
    "continent": "Africa",
    "flag_1x1": "flags/1x1/ma.svg",
    "flag_4x3": "flags/4x3/ma.svg",
    "iso": true,
    "name": "Morocco",
    "telephonePrefix": "212",
    "timezone": "Africa/Casablanca",
    "currency": "Dirham",
    "iso3": "MAR"
  },
  {
    "capital": "Maputo",
    "code": "mz",
    "continent": "Africa",
    "flag_1x1": "flags/1x1/mz.svg",
    "flag_4x3": "flags/4x3/mz.svg",
    "iso": true,
    "name": "Mozambique",
    "telephonePrefix": "258",
    "timezone": "Africa/Maputo",
    "currency": "Metical",
    "iso3": "MOZ"
  },
  {
    "capital": "Naypyidaw",
    "code": "mm",
    "continent": "Asia",
    "flag_1x1": "flags/1x1/mm.svg",
    "flag_4x3": "flags/4x3/mm.svg",
    "iso": true,
    "name": "Myanmar",
    "telephonePrefix": "95",
    "timezone": "Asia/Rangoon",
    "currency": "Kyat",
    "iso3": "MMR"
  },
  {
    "capital": "Windhoek",
    "code": "na",
    "continent": "Africa",
    "flag_1x1": "flags/1x1/na.svg",
    "flag_4x3": "flags/4x3/na.svg",
    "iso": true,
    "name": "Namibia",
    "telephonePrefix": "264",
    "timezone": "Africa/Windhoek",
    "currency": "Dollar",
    "iso3": "NAM"
  },
  {
    "capital": "Yaren District",
    "code": "nr",
    "continent": "Oceania",
    "flag_1x1": "flags/1x1/nr.svg",
    "flag_4x3": "flags/4x3/nr.svg",
    "iso": true,
    "name": "Nauru",
    "telephonePrefix": "674",
    "timezone": "Pacific/Nauru",
    "currency": "Dollar",
    "iso3": "NRU"
  },
  {
    "capital": "Kathmandu",
    "code": "np",
    "continent": "Asia",
    "flag_1x1": "flags/1x1/np.svg",
    "flag_4x3": "flags/4x3/np.svg",
    "iso": true,
    "name": "Nepal",
    "telephonePrefix": "977",
    "timezone": "Asia/Kathmandu",
    "currency": "Rupee",
    "iso3": "NPL"
  },
  {
    "capital": "Amsterdam",
    "code": "nl",
    "continent": "Europe",
    "flag_1x1": "flags/1x1/nl.svg",
    "flag_4x3": "flags/4x3/nl.svg",
    "iso": true,
    "name": "Netherlands",
    "telephonePrefix": "31",
    "timezone": "Europe/Amsterdam",
    "currency": "Euro",
    "iso3": "NLD"
  },
  {
    "capital": "Nouméa",
    "code": "nc",
    "continent": "Oceania",
    "flag_1x1": "flags/1x1/nc.svg",
    "flag_4x3": "flags/4x3/nc.svg",
    "iso": true,
    "name": "New Caledonia",
    "telephonePrefix": "687",
    "timezone": "Pacific/Noumea",
    "currency": "Franc",
    "iso3": "NCL"
  },
  {
    "capital": "Wellington",
    "code": "nz",
    "continent": "Oceania",
    "flag_1x1": "flags/1x1/nz.svg",
    "flag_4x3": "flags/4x3/nz.svg",
    "iso": true,
    "name": "New Zealand",
    "telephonePrefix": "64",
    "timezone": "Pacific/Auckland",
    "currency": "Dollar",
    "iso3": "NZL"
  },
  {
    "capital": "Managua",
    "code": "ni",
    "continent": "North America",
    "flag_1x1": "flags/1x1/ni.svg",
    "flag_4x3": "flags/4x3/ni.svg",
    "iso": true,
    "name": "Nicaragua",
    "telephonePrefix": "505",
    "timezone": "America/Managua",
    "currency": "Cordoba",
    "iso3": "NIC"
  },
  {
    "capital": "Niamey",
    "code": "ne",
    "continent": "Africa",
    "flag_1x1": "flags/1x1/ne.svg",
    "flag_4x3": "flags/4x3/ne.svg",
    "iso": true,
    "name": "Niger",
    "telephonePrefix": "227",
    "timezone": "Africa/Lagos",
    "currency": "Franc",
    "iso3": "NER"
  },
  {
    "capital": "Abuja",
    "code": "ng",
    "continent": "Africa",
    "flag_1x1": "flags/1x1/ng.svg",
    "flag_4x3": "flags/4x3/ng.svg",
    "iso": true,
    "name": "Nigeria",
    "telephonePrefix": "234",
    "timezone": "Africa/Lagos",
    "currency": "Naira",
    "iso3": "NGA"
  },
  {
    "capital": "Alofi",
    "code": "nu",
    "continent": "Oceania",
    "flag_1x1": "flags/1x1/nu.svg",
    "flag_4x3": "flags/4x3/nu.svg",
    "iso": true,
    "name": "Niue",
    "telephonePrefix": "683",
    "timezone": "Pacific/Niue",
    "currency": "Dollar",
    "iso3": "NIU"
  },
  {
    "capital": "Kingston",
    "code": "nf",
    "continent": "Oceania",
    "flag_1x1": "flags/1x1/nf.svg",
    "flag_4x3": "flags/4x3/nf.svg",
    "iso": true,
    "name": "Norfolk Island"
  },
  {
    "capital": "Pyongyang",
    "code": "kp",
    "continent": "Asia",
    "flag_1x1": "flags/1x1/kp.svg",
    "flag_4x3": "flags/4x3/kp.svg",
    "iso": true,
    "name": "North Korea",
    "telephonePrefix": "850",
    "timezone": "Asia/Pyongyang",
    "currency": "Won",
    "iso3": "PRK"
  },
  {
    "capital": "Skopje",
    "code": "mk",
    "continent": "Europe",
    "flag_1x1": "flags/1x1/mk.svg",
    "flag_4x3": "flags/4x3/mk.svg",
    "iso": true,
    "name": "North Macedonia",
    "telephonePrefix": "389",
    "timezone": "Europe/Belgrade",
    "currency": "Denar",
    "iso3": "MKD"
  },
  {
    "capital": "Belfast",
    "code": "gb-nir",
    "continent": "Europe",
    "flag_1x1": "flags/1x1/gb-nir.svg",
    "flag_4x3": "flags/4x3/gb-nir.svg",
    "iso": false,
    "name": "Northern Ireland"
  },
  {
    "capital": "Saipan",
    "code": "mp",
    "continent": "Oceania",
    "flag_1x1": "flags/1x1/mp.svg",
    "flag_4x3": "flags/4x3/mp.svg",
    "iso": true,
    "name": "Northern Mariana Islands",
    "telephonePrefix": "1-670",
    "timezone": "Pacific/Saipan",
    "currency": "Dollar",
    "iso3": "MNP"
  },
  {
    "capital": "Oslo",
    "code": "no",
    "continent": "Europe",
    "flag_1x1": "flags/1x1/no.svg",
    "flag_4x3": "flags/4x3/no.svg",
    "iso": true,
    "name": "Norway",
    "telephonePrefix": "47",
    "timezone": "Europe/Oslo",
    "currency": "Krone",
    "iso3": "NOR"
  },
  {
    "capital": "Muscat",
    "code": "om",
    "continent": "Asia",
    "flag_1x1": "flags/1x1/om.svg",
    "flag_4x3": "flags/4x3/om.svg",
    "iso": true,
    "name": "Oman",
    "telephonePrefix": "968",
    "timezone": "Asia/Muscat",
    "currency": "Rial",
    "iso3": "OMN"
  },
  {
    "capital": "Islamabad",
    "code": "pk",
    "continent": "Asia",
    "flag_1x1": "flags/1x1/pk.svg",
    "flag_4x3": "flags/4x3/pk.svg",
    "iso": true,
    "name": "Pakistan",
    "telephonePrefix": "92",
    "timezone": "Asia/Karachi",
    "currency": "Rupee",
    "iso3": "PAK"
  },
  {
    "capital": "Ngerulmud",
    "code": "pw",
    "continent": "Oceania",
    "flag_1x1": "flags/1x1/pw.svg",
    "flag_4x3": "flags/4x3/pw.svg",
    "iso": true,
    "name": "Palau",
    "telephonePrefix": "680",
    "timezone": "Pacific/Palau",
    "currency": "Dollar",
    "iso3": "PLW"
  },
  {
    "capital": "Panama City",
    "code": "pa",
    "continent": "North America",
    "flag_1x1": "flags/1x1/pa.svg",
    "flag_4x3": "flags/4x3/pa.svg",
    "iso": true,
    "name": "Panama",
    "telephonePrefix": "507",
    "timezone": "America/Panama",
    "currency": "Balboa",
    "iso3": "PAN"
  },
  {
    "capital": "Port Moresby",
    "code": "pg",
    "continent": "Oceania",
    "flag_1x1": "flags/1x1/pg.svg",
    "flag_4x3": "flags/4x3/pg.svg",
    "iso": true,
    "name": "Papua New Guinea",
    "telephonePrefix": "675",
    "timezone": "Pacific/Port_Moresby",
    "currency": "Kina",
    "iso3": "PNG"
  },
  {
    "capital": "Asunción",
    "code": "py",
    "continent": "South America",
    "flag_1x1": "flags/1x1/py.svg",
    "flag_4x3": "flags/4x3/py.svg",
    "iso": true,
    "name": "Paraguay",
    "telephonePrefix": "595",
    "timezone": "America/Asuncion",
    "currency": "Guarani",
    "iso3": "PRY"
  },
  {
    "capital": "Lima",
    "code": "pe",
    "continent": "South America",
    "flag_1x1": "flags/1x1/pe.svg",
    "flag_4x3": "flags/4x3/pe.svg",
    "iso": true,
    "name": "Peru",
    "telephonePrefix": "51",
    "timezone": "America/Lima",
    "currency": "Sol",
    "iso3": "PER"
  },
  {
    "capital": "Manila",
    "code": "ph",
    "continent": "Asia",
    "flag_1x1": "flags/1x1/ph.svg",
    "flag_4x3": "flags/4x3/ph.svg",
    "iso": true,
    "name": "Philippines",
    "telephonePrefix": "63",
    "timezone": "Asia/Manila",
    "currency": "Peso",
    "iso3": "PHL"
  },
  {
    "capital": "Adamstown",
    "code": "pn",
    "continent": "Oceania",
    "flag_1x1": "flags/1x1/pn.svg",
    "flag_4x3": "flags/4x3/pn.svg",
    "iso": true,
    "name": "Pitcairn",
    "telephonePrefix": "64",
    "timezone": "Pacific/Pitcairn",
    "currency": "Dollar",
    "iso3": "PCN"
  },
  {
    "capital": "Warsaw",
    "code": "pl",
    "continent": "Europe",
    "flag_1x1": "flags/1x1/pl.svg",
    "flag_4x3": "flags/4x3/pl.svg",
    "iso": true,
    "name": "Poland",
    "telephonePrefix": "48",
    "timezone": "Europe/Warsaw",
    "currency": "Zloty",
    "iso3": "POL"
  },
  {
    "capital": "Lisbon",
    "code": "pt",
    "continent": "Europe",
    "flag_1x1": "flags/1x1/pt.svg",
    "flag_4x3": "flags/4x3/pt.svg",
    "iso": true,
    "name": "Portugal",
    "telephonePrefix": "351",
    "timezone": "Europe/Lisbon",
    "currency": "Euro",
    "iso3": "PRT"
  },
  {
    "capital": "San Juan",
    "code": "pr",
    "continent": "North America",
    "flag_1x1": "flags/1x1/pr.svg",
    "flag_4x3": "flags/4x3/pr.svg",
    "iso": true,
    "name": "Puerto Rico",
    "telephonePrefix": "1-787, 1-939",
    "timezone": "America/Puerto_Rico",
    "currency": "Dollar",
    "iso3": "PRI"
  },
  {
    "capital": "Doha",
    "code": "qa",
    "continent": "Asia",
    "flag_1x1": "flags/1x1/qa.svg",
    "flag_4x3": "flags/4x3/qa.svg",
    "iso": true,
    "name": "Qatar",
    "telephonePrefix": "974",
    "timezone": "Asia/Qatar",
    "currency": "Rial",
    "iso3": "QAT"
  },
  {
    "capital": "Brazzaville",
    "code": "cg",
    "continent": "Africa",
    "flag_1x1": "flags/1x1/cg.svg",
    "flag_4x3": "flags/4x3/cg.svg",
    "iso": true,
    "name": "Republic of the Congo",
    "telephonePrefix": "242",
    "timezone": "Africa/Lagos",
    "currency": "Franc",
    "iso3": "COG"
  },
  {
    "capital": "Bucharest",
    "code": "ro",
    "continent": "Europe",
    "flag_1x1": "flags/1x1/ro.svg",
    "flag_4x3": "flags/4x3/ro.svg",
    "iso": true,
    "name": "Romania",
    "telephonePrefix": "40",
    "timezone": "Europe/Bucharest",
    "currency": "Leu",
    "iso3": "ROU"
  },
  {
    "capital": "Moscow",
    "code": "ru",
    "continent": "Europe",
    "flag_1x1": "flags/1x1/ru.svg",
    "flag_4x3": "flags/4x3/ru.svg",
    "iso": true,
    "name": "Russia",
    "telephonePrefix": "7",
    "timezone": "Europe/Moscow",
    "currency": "Ruble",
    "iso3": "RUS"
  },
  {
    "capital": "Kigali",
    "code": "rw",
    "continent": "Africa",
    "flag_1x1": "flags/1x1/rw.svg",
    "flag_4x3": "flags/4x3/rw.svg",
    "iso": true,
    "name": "Rwanda",
    "telephonePrefix": "250",
    "timezone": "Africa/Maputo",
    "currency": "Franc",
    "iso3": "RWA"
  },
  {
    "capital": "Saint-Denis",
    "code": "re",
    "continent": "Africa",
    "flag_1x1": "flags/1x1/re.svg",
    "flag_4x3": "flags/4x3/re.svg",
    "iso": true,
    "name": "Réunion",
    "telephonePrefix": "262",
    "timezone": "Indian/Reunion",
    "currency": "Euro",
    "iso3": "REU"
  },
  {
    "capital": "Gustavia",
    "code": "bl",
    "continent": "North America",
    "flag_1x1": "flags/1x1/bl.svg",
    "flag_4x3": "flags/4x3/bl.svg",
    "iso": true,
    "name": "Saint Barthélemy",
    "telephonePrefix": "590",
    "timezone": "America/Port_of_Spain",
    "currency": "Euro",
    "iso3": "BLM"
  },
  {
    "capital": "Jamestown",
    "code": "sh",
    "continent": "Africa",
    "flag_1x1": "flags/1x1/sh.svg",
    "flag_4x3": "flags/4x3/sh.svg",
    "iso": true,
    "name": "Saint Helena, Ascension and Tristan da Cunha",
    "telephonePrefix": "290",
    "timezone": "Africa/Abidjan",
    "currency": "Pound",
    "iso3": "SHN"
  },
  {
    "capital": "Basseterre",
    "code": "kn",
    "continent": "North America",
    "flag_1x1": "flags/1x1/kn.svg",
    "flag_4x3": "flags/4x3/kn.svg",
    "iso": true,
    "name": "Saint Kitts and Nevis",
    "telephonePrefix": "1-869",
    "timezone": "America/Port_of_Spain",
    "currency": "Dollar",
    "iso3": "KNA"
  },
  {
    "capital": "Castries",
    "code": "lc",
    "continent": "North America",
    "flag_1x1": "flags/1x1/lc.svg",
    "flag_4x3": "flags/4x3/lc.svg",
    "iso": true,
    "name": "Saint Lucia",
    "telephonePrefix": "1-758",
    "timezone": "America/Port_of_Spain",
    "currency": "Dollar",
    "iso3": "LCA"
  },
  {
    "capital": "Marigot",
    "code": "mf",
    "continent": "North America",
    "flag_1x1": "flags/1x1/mf.svg",
    "flag_4x3": "flags/4x3/mf.svg",
    "iso": true,
    "name": "Saint Martin",
    "telephonePrefix": "590",
    "timezone": "America/Port_of_Spain",
    "currency": "Euro",
    "iso3": "MAF"
  },
  {
    "capital": "Saint-Pierre",
    "code": "pm",
    "continent": "North America",
    "flag_1x1": "flags/1x1/pm.svg",
    "flag_4x3": "flags/4x3/pm.svg",
    "iso": true,
    "name": "Saint Pierre and Miquelon",
    "telephonePrefix": "508",
    "timezone": "America/Miquelon",
    "currency": "Euro",
    "iso3": "SPM"
  },
  {
    "capital": "Kingstown",
    "code": "vc",
    "continent": "North America",
    "flag_1x1": "flags/1x1/vc.svg",
    "flag_4x3": "flags/4x3/vc.svg",
    "iso": true,
    "name": "Saint Vincent and the Grenadines",
    "telephonePrefix": "1-784",
    "timezone": "America/Port_of_Spain",
    "currency": "Dollar",
    "iso3": "VCT"
  },
  {
    "capital": "Apia",
    "code": "ws",
    "continent": "Oceania",
    "flag_1x1": "flags/1x1/ws.svg",
    "flag_4x3": "flags/4x3/ws.svg",
    "iso": true,
    "name": "Samoa",
    "telephonePrefix": "685",
    "timezone": "Pacific/Apia",
    "currency": "Tala",
    "iso3": "WSM"
  },
  {
    "capital": "San Marino",
    "code": "sm",
    "continent": "Europe",
    "flag_1x1": "flags/1x1/sm.svg",
    "flag_4x3": "flags/4x3/sm.svg",
    "iso": true,
    "name": "San Marino",
    "telephonePrefix": "378",
    "timezone": "Europe/Rome",
    "currency": "Euro",
    "iso3": "SMR"
  },
  {
    "capital": "São Tomé",
    "code": "st",
    "continent": "Africa",
    "flag_1x1": "flags/1x1/st.svg",
    "flag_4x3": "flags/4x3/st.svg",
    "iso": true,
    "name": "Sao Tome and Principe",
    "telephonePrefix": "239",
    "timezone": "Africa/Abidjan",
    "currency": "Dobra",
    "iso3": "STP"
  },
  {
    "capital": "Riyadh",
    "code": "sa",
    "continent": "Asia",
    "flag_1x1": "flags/1x1/sa.svg",
    "flag_4x3": "flags/4x3/sa.svg",
    "iso": true,
    "name": "Saudi Arabia",
    "telephonePrefix": "966",
    "timezone": "Asia/Riyadh",
    "currency": "Rial",
    "iso3": "SAU"
  },
  {
    "capital": "Edinburgh",
    "code": "gb-sct",
    "continent": "Europe",
    "flag_1x1": "flags/1x1/gb-sct.svg",
    "flag_4x3": "flags/4x3/gb-sct.svg",
    "iso": false,
    "name": "Scotland"
  },
  {
    "capital": "Dakar",
    "code": "sn",
    "continent": "Africa",
    "flag_1x1": "flags/1x1/sn.svg",
    "flag_4x3": "flags/4x3/sn.svg",
    "iso": true,
    "name": "Senegal",
    "telephonePrefix": "221",
    "timezone": "Africa/Abidjan",
    "currency": "Franc",
    "iso3": "SEN"
  },
  {
    "capital": "Belgrade",
    "code": "rs",
    "continent": "Europe",
    "flag_1x1": "flags/1x1/rs.svg",
    "flag_4x3": "flags/4x3/rs.svg",
    "iso": true,
    "name": "Serbia",
    "telephonePrefix": "381",
    "timezone": "Europe/Belgrade",
    "currency": "Dinar",
    "iso3": "SRB"
  },
  {
    "capital": "Victoria",
    "code": "sc",
    "continent": "Africa",
    "flag_1x1": "flags/1x1/sc.svg",
    "flag_4x3": "flags/4x3/sc.svg",
    "iso": true,
    "name": "Seychelles",
    "telephonePrefix": "248",
    "timezone": "Indian/Mahe",
    "currency": "Rupee",
    "iso3": "SYC"
  },
  {
    "capital": "Freetown",
    "code": "sl",
    "continent": "Africa",
    "flag_1x1": "flags/1x1/sl.svg",
    "flag_4x3": "flags/4x3/sl.svg",
    "iso": true,
    "name": "Sierra Leone",
    "telephonePrefix": "232",
    "timezone": "Africa/Abidjan",
    "currency": "Leone",
    "iso3": "SLE"
  },
  {
    "capital": "Singapore",
    "code": "sg",
    "continent": "Asia",
    "flag_1x1": "flags/1x1/sg.svg",
    "flag_4x3": "flags/4x3/sg.svg",
    "iso": true,
    "name": "Singapore",
    "telephonePrefix": "65",
    "timezone": "Asia/Singapore",
    "currency": "Dollar",
    "iso3": "SGP"
  },
  {
    "capital": "Philipsburg",
    "code": "sx",
    "continent": "North America",
    "flag_1x1": "flags/1x1/sx.svg",
    "flag_4x3": "flags/4x3/sx.svg",
    "iso": true,
    "name": "Sint Maarten",
    "telephonePrefix": "1-721",
    "timezone": "America/Curacao",
    "currency": "Guilder",
    "iso3": "SXM"
  },
  {
    "capital": "Bratislava",
    "code": "sk",
    "continent": "Europe",
    "flag_1x1": "flags/1x1/sk.svg",
    "flag_4x3": "flags/4x3/sk.svg",
    "iso": true,
    "name": "Slovakia",
    "telephonePrefix": "421",
    "timezone": "Europe/Prague",
    "currency": "Euro",
    "iso3": "SVK"
  },
  {
    "capital": "Ljubljana",
    "code": "si",
    "continent": "Europe",
    "flag_1x1": "flags/1x1/si.svg",
    "flag_4x3": "flags/4x3/si.svg",
    "iso": true,
    "name": "Slovenia",
    "telephonePrefix": "386",
    "timezone": "Europe/Belgrade",
    "currency": "Euro",
    "iso3": "SVN"
  },
  {
    "capital": "Honiara",
    "code": "sb",
    "continent": "Oceania",
    "flag_1x1": "flags/1x1/sb.svg",
    "flag_4x3": "flags/4x3/sb.svg",
    "iso": true,
    "name": "Solomon Islands",
    "telephonePrefix": "677",
    "timezone": "Pacific/Guadalcanal",
    "currency": "Dollar",
    "iso3": "SLB"
  },
  {
    "capital": "Mogadishu",
    "code": "so",
    "continent": "Africa",
    "flag_1x1": "flags/1x1/so.svg",
    "flag_4x3": "flags/4x3/so.svg",
    "iso": true,
    "name": "Somalia",
    "telephonePrefix": "252",
    "timezone": "Africa/Mogadishu",
    "currency": "Shilling",
    "iso3": "SOM"
  },
  {
    "capital": "Pretoria",
    "code": "za",
    "continent": "Africa",
    "flag_1x1": "flags/1x1/za.svg",
    "flag_4x3": "flags/4x3/za.svg",
    "iso": true,
    "name": "South Africa",
    "telephonePrefix": "27",
    "timezone": "Africa/Johannesburg",
    "currency": "Rand",
    "iso3": "ZAF"
  },
  {
    "capital": "King Edward Point",
    "code": "gs",
    "continent": "Antarctica",
    "flag_1x1": "flags/1x1/gs.svg",
    "flag_4x3": "flags/4x3/gs.svg",
    "iso": true,
    "name": "South Georgia and the South Sandwich Islands"
  },
  {
    "capital": "Seoul",
    "code": "kr",
    "continent": "Asia",
    "flag_1x1": "flags/1x1/kr.svg",
    "flag_4x3": "flags/4x3/kr.svg",
    "iso": true,
    "name": "South Korea",
    "telephonePrefix": "82",
    "timezone": "Asia/Seoul",
    "currency": "Won",
    "iso3": "KOR"
  },
  {
    "capital": "Juba",
    "code": "ss",
    "continent": "Africa",
    "flag_1x1": "flags/1x1/ss.svg",
    "flag_4x3": "flags/4x3/ss.svg",
    "iso": true,
    "name": "South Sudan",
    "telephonePrefix": "211",
    "timezone": "Africa/Khartoum",
    "currency": "Pound",
    "iso3": "SSD"
  },
  {
    "capital": "Madrid",
    "code": "es",
    "continent": "Europe",
    "flag_1x1": "flags/1x1/es.svg",
    "flag_4x3": "flags/4x3/es.svg",
    "iso": true,
    "name": "Spain",
    "telephonePrefix": "34",
    "timezone": "Europe/Madrid",
    "currency": "Euro",
    "iso3": "ESP"
  },
  {
    "capital": "Sri Jayawardenepura Kotte, Colombo",
    "code": "lk",
    "continent": "Asia",
    "flag_1x1": "flags/1x1/lk.svg",
    "flag_4x3": "flags/4x3/lk.svg",
    "iso": true,
    "name": "Sri Lanka",
    "telephonePrefix": "94",
    "timezone": "Asia/Colombo",
    "currency": "Rupee",
    "iso3": "LKA"
  },
  {
    "capital": "Ramallah",
    "code": "ps",
    "continent": "Asia",
    "flag_1x1": "flags/1x1/ps.svg",
    "flag_4x3": "flags/4x3/ps.svg",
    "iso": true,
    "name": "State of Palestine",
    "telephonePrefix": "970",
    "timezone": "Asia/Hebron",
    "currency": "Shekel",
    "iso3": "PSE"
  },
  {
    "capital": "Khartoum",
    "code": "sd",
    "continent": "Africa",
    "flag_1x1": "flags/1x1/sd.svg",
    "flag_4x3": "flags/4x3/sd.svg",
    "iso": true,
    "name": "Sudan",
    "telephonePrefix": "249",
    "timezone": "Africa/Khartoum",
    "currency": "Pound",
    "iso3": "SDN"
  },
  {
    "capital": "Paramaribo",
    "code": "sr",
    "continent": "South America",
    "flag_1x1": "flags/1x1/sr.svg",
    "flag_4x3": "flags/4x3/sr.svg",
    "iso": true,
    "name": "Suriname",
    "telephonePrefix": "597",
    "timezone": "America/Paramaribo",
    "currency": "Dollar",
    "iso3": "SUR"
  },
  {
    "capital": "Longyearbyen",
    "code": "sj",
    "continent": "Europe",
    "flag_1x1": "flags/1x1/sj.svg",
    "flag_4x3": "flags/4x3/sj.svg",
    "iso": true,
    "name": "Svalbard and Jan Mayen",
    "telephonePrefix": "47",
    "timezone": "Europe/Oslo",
    "currency": "Krone",
    "iso3": "SJM"
  },
  {
    "capital": "Stockholm",
    "code": "se",
    "continent": "Europe",
    "flag_1x1": "flags/1x1/se.svg",
    "flag_4x3": "flags/4x3/se.svg",
    "iso": true,
    "name": "Sweden",
    "telephonePrefix": "46",
    "timezone": "Europe/Stockholm",
    "currency": "Krona",
    "iso3": "SWE"
  },
  {
    "capital": "Bern",
    "code": "ch",
    "continent": "Europe",
    "flag_1x1": "flags/1x1/ch.svg",
    "flag_4x3": "flags/4x3/ch.svg",
    "iso": true,
    "name": "Switzerland",
    "telephonePrefix": "41",
    "timezone": "Europe/Zurich",
    "currency": "Franc",
    "iso3": "CHE"
  },
  {
    "capital": "Damascus",
    "code": "sy",
    "continent": "Asia",
    "flag_1x1": "flags/1x1/sy.svg",
    "flag_4x3": "flags/4x3/sy.svg",
    "iso": true,
    "name": "Syria",
    "telephonePrefix": "963",
    "timezone": "Asia/Damascus",
    "currency": "Pound",
    "iso3": "SYR"
  },
  {
    "capital": "Taipei",
    "code": "tw",
    "continent": "Asia",
    "flag_1x1": "flags/1x1/tw.svg",
    "flag_4x3": "flags/4x3/tw.svg",
    "iso": true,
    "name": "Taiwan",
    "telephonePrefix": "886",
    "timezone": "Asia/Taipei",
    "currency": "Dollar",
    "iso3": "TWN"
  },
  {
    "capital": "Dushanbe",
    "code": "tj",
    "continent": "Asia",
    "flag_1x1": "flags/1x1/tj.svg",
    "flag_4x3": "flags/4x3/tj.svg",
    "iso": true,
    "name": "Tajikistan",
    "telephonePrefix": "992",
    "timezone": "Asia/Dushanbe",
    "currency": "Somoni",
    "iso3": "TJK"
  },
  {
    "capital": "Dodoma",
    "code": "tz",
    "continent": "Africa",
    "flag_1x1": "flags/1x1/tz.svg",
    "flag_4x3": "flags/4x3/tz.svg",
    "iso": true,
    "name": "Tanzania",
    "telephonePrefix": "255",
    "timezone": "Africa/Dar_es_Salaam",
    "currency": "Shilling",
    "iso3": "TZA"
  },
  {
    "capital": "Bangkok",
    "code": "th",
    "continent": "Asia",
    "flag_1x1": "flags/1x1/th.svg",
    "flag_4x3": "flags/4x3/th.svg",
    "iso": true,
    "name": "Thailand",
    "telephonePrefix": "66",
    "timezone": "Asia/Bangkok",
    "currency": "Baht",
    "iso3": "THA"
  },
  {
    "capital": "Dili",
    "code": "tl",
    "continent": "Asia",
    "flag_1x1": "flags/1x1/tl.svg",
    "flag_4x3": "flags/4x3/tl.svg",
    "iso": true,
    "name": "Timor-Leste",
    "telephonePrefix": "670",
    "timezone": "Asia/Dili",
    "currency": "Dollar",
    "iso3": "TLS"
  },
  {
    "capital": "Lomé",
    "code": "tg",
    "continent": "Africa",
    "flag_1x1": "flags/1x1/tg.svg",
    "flag_4x3": "flags/4x3/tg.svg",
    "iso": true,
    "name": "Togo",
    "telephonePrefix": "228",
    "timezone": "Africa/Abidjan",
    "currency": "Franc",
    "iso3": "TGO"
  },
  {
    "capital": "Nukunonu, Atafu,Tokelau",
    "code": "tk",
    "continent": "Oceania",
    "flag_1x1": "flags/1x1/tk.svg",
    "flag_4x3": "flags/4x3/tk.svg",
    "iso": true,
    "name": "Tokelau",
    "telephonePrefix": "690",
    "timezone": "Pacific/Fakaofo",
    "currency": "Dollar",
    "iso3": "TKL"
  },
  {
    "capital": "Nukuʻalofa",
    "code": "to",
    "continent": "Oceania",
    "flag_1x1": "flags/1x1/to.svg",
    "flag_4x3": "flags/4x3/to.svg",
    "iso": true,
    "name": "Tonga",
    "telephonePrefix": "676",
    "timezone": "Pacific/Tongatapu",
    "currency": "Pa'anga",
    "iso3": "TON"
  },
  {
    "capital": "Port of Spain",
    "code": "tt",
    "continent": "South America",
    "flag_1x1": "flags/1x1/tt.svg",
    "flag_4x3": "flags/4x3/tt.svg",
    "iso": true,
    "name": "Trinidad and Tobago",
    "telephonePrefix": "1-868",
    "timezone": "America/Port_of_Spain",
    "currency": "Dollar",
    "iso3": "TTO"
  },
  {
    "code": "ta",
    "flag_1x1": "flags/1x1/ta.svg",
    "flag_4x3": "flags/4x3/ta.svg",
    "iso": false,
    "name": "Tristan da Cunha"
  },
  {
    "capital": "Tunis",
    "code": "tn",
    "continent": "Africa",
    "flag_1x1": "flags/1x1/tn.svg",
    "flag_4x3": "flags/4x3/tn.svg",
    "iso": true,
    "name": "Tunisia",
    "telephonePrefix": "216",
    "timezone": "Africa/Tunis",
    "currency": "Dinar",
    "iso3": "TUN"
  },
  {
    "capital": "Ashgabat",
    "code": "tm",
    "continent": "Asia",
    "flag_1x1": "flags/1x1/tm.svg",
    "flag_4x3": "flags/4x3/tm.svg",
    "iso": true,
    "name": "Turkmenistan",
    "telephonePrefix": "993",
    "timezone": "Asia/Ashgabat",
    "currency": "Manat",
    "iso3": "TKM"
  },
  {
    "capital": "Cockburn Town",
    "code": "tc",
    "continent": "North America",
    "flag_1x1": "flags/1x1/tc.svg",
    "flag_4x3": "flags/4x3/tc.svg",
    "iso": true,
    "name": "Turks and Caicos Islands",
    "telephonePrefix": "1-649",
    "timezone": "America/Grand_Turk",
    "currency": "Dollar",
    "iso3": "TCA"
  },
  {
    "capital": "Funafuti",
    "code": "tv",
    "continent": "Oceania",
    "flag_1x1": "flags/1x1/tv.svg",
    "flag_4x3": "flags/4x3/tv.svg",
    "iso": true,
    "name": "Tuvalu",
    "telephonePrefix": "688",
    "timezone": "Pacific/Funafuti",
    "currency": "Dollar",
    "iso3": "TUV"
  },
  {
    "capital": "Ankara",
    "code": "tr",
    "continent": "Asia",
    "flag_1x1": "flags/1x1/tr.svg",
    "flag_4x3": "flags/4x3/tr.svg",
    "iso": true,
    "name": "Türkiye",
    "telephonePrefix": "90",
    "timezone": "Europe/Istanbul",
    "currency": "Lira",
    "iso3": "TUR"
  },
  {
    "capital": "Kampala",
    "code": "ug",
    "continent": "Africa",
    "flag_1x1": "flags/1x1/ug.svg",
    "flag_4x3": "flags/4x3/ug.svg",
    "iso": true,
    "name": "Uganda",
    "telephonePrefix": "256",
    "timezone": "Africa/Kampala",
    "currency": "Shilling",
    "iso3": "UGA"
  },
  {
    "capital": "Kiev",
    "code": "ua",
    "continent": "Europe",
    "flag_1x1": "flags/1x1/ua.svg",
    "flag_4x3": "flags/4x3/ua.svg",
    "iso": true,
    "name": "Ukraine",
    "telephonePrefix": "380",
    "timezone": "Europe/Kiev",
    "currency": "Hryvnia",
    "iso3": "UKR"
  },
  {
    "capital": "Abu Dhabi",
    "code": "ae",
    "continent": "Asia",
    "flag_1x1": "flags/1x1/ae.svg",
    "flag_4x3": "flags/4x3/ae.svg",
    "iso": true,
    "name": "United Arab Emirates",
    "telephonePrefix": "971",
    "timezone": "Asia/Dubai",
    "currency": "Dirham",
    "iso3": "ARE"
  },
  {
    "capital": "London",
    "code": "gb",
    "continent": "Europe",
    "flag_1x1": "flags/1x1/gb.svg",
    "flag_4x3": "flags/4x3/gb.svg",
    "iso": true,
    "name": "United Kingdom",
    "telephonePrefix": "44",
    "timezone": "Europe/London",
    "currency": "Pound",
    "iso3": "GBR"
  },
  {
    "code": "un",
    "flag_1x1": "flags/1x1/un.svg",
    "flag_4x3": "flags/4x3/un.svg",
    "iso": false,
    "name": "United Nations"
  },
  {
    "capital": "Washington, D.C.",
    "code": "um",
    "continent": "North America",
    "flag_1x1": "flags/1x1/um.svg",
    "flag_4x3": "flags/4x3/um.svg",
    "iso": true,
    "name": "United States Minor Outlying Islands"
  },
  {
    "capital": "Washington, D.C.",
    "code": "us",
    "continent": "North America",
    "flag_1x1": "flags/1x1/us.svg",
    "flag_4x3": "flags/4x3/us.svg",
    "iso": true,
    "name": "United States of America",
    "telephonePrefix": "1",
    "timezone": "America/New_York",
    "currency": "Dollar",
    "iso3": "USA"
  },
  {
    "code": "xx",
    "flag_1x1": "flags/1x1/xx.svg",
    "flag_4x3": "flags/4x3/xx.svg",
    "iso": false,
    "name": "Unknown"
  },
  {
    "capital": "Montevideo",
    "code": "uy",
    "continent": "South America",
    "flag_1x1": "flags/1x1/uy.svg",
    "flag_4x3": "flags/4x3/uy.svg",
    "iso": true,
    "name": "Uruguay",
    "telephonePrefix": "598",
    "timezone": "America/Montevideo",
    "currency": "Peso",
    "iso3": "URY"
  },
  {
    "capital": "Tashkent",
    "code": "uz",
    "continent": "Asia",
    "flag_1x1": "flags/1x1/uz.svg",
    "flag_4x3": "flags/4x3/uz.svg",
    "iso": true,
    "name": "Uzbekistan",
    "telephonePrefix": "998",
    "timezone": "Asia/Tashkent",
    "currency": "Som",
    "iso3": "UZB"
  },
  {
    "capital": "Port Vila",
    "code": "vu",
    "continent": "Oceania",
    "flag_1x1": "flags/1x1/vu.svg",
    "flag_4x3": "flags/4x3/vu.svg",
    "iso": true,
    "name": "Vanuatu",
    "telephonePrefix": "678",
    "timezone": "Pacific/Efate",
    "currency": "Vatu",
    "iso3": "VUT"
  },
  {
    "capital": "Caracas",
    "code": "ve",
    "continent": "South America",
    "flag_1x1": "flags/1x1/ve.svg",
    "flag_4x3": "flags/4x3/ve.svg",
    "iso": true,
    "name": "Venezuela",
    "telephonePrefix": "58",
    "timezone": "America/Caracas",
    "currency": "Bolivar",
    "iso3": "VEN"
  },
  {
    "capital": "Hanoi",
    "code": "vn",
    "continent": "Asia",
    "flag_1x1": "flags/1x1/vn.svg",
    "flag_4x3": "flags/4x3/vn.svg",
    "iso": true,
    "name": "Vietnam",
    "telephonePrefix": "84",
    "timezone": "Asia/Ho_Chi_Minh",
    "currency": "Dong",
    "iso3": "VNM"
  },
  {
    "capital": "Road Town",
    "code": "vg",
    "continent": "North America",
    "flag_1x1": "flags/1x1/vg.svg",
    "flag_4x3": "flags/4x3/vg.svg",
    "iso": true,
    "name": "Virgin Islands (British)",
    "telephonePrefix": "1-284",
    "timezone": "America/Port_of_Spain",
    "currency": "Dollar",
    "iso3": "VGB"
  },
  {
    "capital": "Charlotte Amalie",
    "code": "vi",
    "continent": "North America",
    "flag_1x1": "flags/1x1/vi.svg",
    "flag_4x3": "flags/4x3/vi.svg",
    "iso": true,
    "name": "Virgin Islands (U.S.)",
    "telephonePrefix": "1-340",
    "timezone": "America/Port_of_Spain",
    "currency": "Dollar",
    "iso3": "VIR"
  },
  {
    "capital": "Cardiff",
    "code": "gb-wls",
    "continent": "Europe",
    "flag_1x1": "flags/1x1/gb-wls.svg",
    "flag_4x3": "flags/4x3/gb-wls.svg",
    "iso": false,
    "name": "Wales"
  },
  {
    "capital": "Mata-Utu",
    "code": "wf",
    "continent": "Oceania",
    "flag_1x1": "flags/1x1/wf.svg",
    "flag_4x3": "flags/4x3/wf.svg",
    "iso": true,
    "name": "Wallis and Futuna",
    "telephonePrefix": "681",
    "timezone": "Pacific/Wallis",
    "currency": "Franc",
    "iso3": "WLF"
  },
  {
    "capital": "Laayoune",
    "code": "eh",
    "continent": "Africa",
    "flag_1x1": "flags/1x1/eh.svg",
    "flag_4x3": "flags/4x3/eh.svg",
    "iso": true,
    "name": "Western Sahara",
    "telephonePrefix": "212",
    "timezone": "Africa/El_Aaiun",
    "currency": "Dirham",
    "iso3": "ESH"
  },
  {
    "capital": "Sana'a",
    "code": "ye",
    "continent": "Asia",
    "flag_1x1": "flags/1x1/ye.svg",
    "flag_4x3": "flags/4x3/ye.svg",
    "iso": true,
    "name": "Yemen",
    "telephonePrefix": "967",
    "timezone": "Asia/Aden",
    "currency": "Rial",
    "iso3": "YEM"
  },
  {
    "capital": "Lusaka",
    "code": "zm",
    "continent": "Africa",
    "flag_1x1": "flags/1x1/zm.svg",
    "flag_4x3": "flags/4x3/zm.svg",
    "iso": true,
    "name": "Zambia",
    "telephonePrefix": "260",
    "timezone": "Africa/Maputo",
    "currency": "Kwacha",
    "iso3": "ZMB"
  },
  {
    "capital": "Harare",
    "code": "zw",
    "continent": "Africa",
    "flag_1x1": "flags/1x1/zw.svg",
    "flag_4x3": "flags/4x3/zw.svg",
    "iso": true,
    "name": "Zimbabwe",
    "telephonePrefix": "263",
    "timezone": "Africa/Maputo",
    "currency": "Dollar",
    "iso3": "ZWE"
  }
]